seq_len,Br,Bc,old_ms,new_ms,diff_ms,speedup_x
64,16,16,0.04594048023223877,0.05494716644287109,0.009006686210632324,0.8360846101136693
64,16,32,0.024043519496917725,0.02805606460571289,0.004012545108795167,0.8569811851667138
64,16,64,0.014008320569992065,0.01587814426422119,0.0018698236942291252,0.8822391544556962
64,32,64,0.012861440181732178,0.015588543891906738,0.0027271037101745596,0.8250571875676972
64,64,64,0.017080320119857786,0.015055680274963379,-0.002024639844894408,1.1344768092785056
128,16,16,0.08139391899108887,0.072089599609375,-0.009304319381713874,1.1290660432590873
128,16,32,0.041218562126159666,0.03448646545410156,-0.0067320966720581035,1.1952098187916047
128,16,64,0.02175040006637573,0.01818841552734375,-0.0035619845390319795,1.1958380890120435
128,32,16,0.057020158767700196,0.047624126434326175,-0.009396032333374021,1.19729563641091
128,32,32,0.02973695993423462,0.024941280364990236,-0.004795679569244385,1.1922788044183978
128,32,64,0.01760640025138855,0.015464991569519042,-0.002141408681869508,1.138468144146302
128,64,16,0.04685823917388916,0.03928659057617188,-0.007571648597717286,1.1927285744747127
128,64,32,0.02870016098022461,0.024366464614868164,-0.0043336963653564445,1.1778549508044784
128,64,64,0.01912832021713257,0.016454399108886717,-0.0026739211082458525,1.162504938074689
256,16,16,0.15880191802978516,0.13205445861816406,-0.0267474594116211,1.2025487037053515
256,16,32,0.07618559837341309,0.06311971282958985,-0.013065885543823236,1.207001663317107
256,16,64,0.04976319789886475,0.03264854431152344,-0.017114653587341308,1.5242087801538098
256,32,16,0.12631104469299317,0.08701139068603515,-0.03929965400695802,1.451661026184074
256,32,32,0.05349055767059326,0.04416144180297851,-0.00932911586761475,1.211250255578964
256,32,64,0.05063039779663086,0.025679296493530273,-0.024951101303100586,1.9716427126181921
256,64,16,0.0955724811553955,0.07039170837402343,-0.02518077278137207,1.3577235637978138
256,64,32,0.050749440193176266,0.042774177551269534,-0.007975262641906733,1.1864504029878191
256,64,64,0.03361216068267822,0.02817638397216797,-0.005435776710510251,1.1929195994730764
512,16,16,0.33421504974365235,0.24847311401367186,-0.08574193572998048,1.3450753055127833
512,16,32,0.16010751724243164,0.12149964904785156,-0.03860786819458008,1.3177611499056652
512,16,64,0.09747520446777344,0.06340111923217774,-0.0340740852355957,1.5374366517224227
512,32,16,0.23341695785522462,0.16433561706542968,-0.06908134078979494,1.4203674287010493
512,32,32,0.09952447891235351,0.08254041290283202,-0.016984066009521487,1.205766671285197
512,32,64,0.056364798545837404,0.047104766845703125,-0.009260031700134279,1.1965837498032108
512,64,16,0.1575814437866211,0.13197059631347657,-0.025610847473144516,1.1940648007099228
512,64,32,0.09473535537719727,0.07938041687011718,-0.015354938507080085,1.1934348434098545
512,64,64,0.06123904228210449,0.05196799850463867,-0.00927104377746582,1.1783990926000023
1024,16,16,0.7538253021240234,0.4943348388671875,-0.25949046325683595,1.5249285359928941
1024,16,32,0.32902782440185546,0.2589326171875,-0.07009520721435547,1.2707082945969594
1024,16,64,0.16824575424194335,0.13929061889648436,-0.028955135345458988,1.207875703151103
1024,32,16,0.3968652725219727,0.3303567504882812,-0.06650852203369145,1.2013233328375734
1024,32,32,0.22613759994506835,0.18042044067382812,-0.04571715927124023,1.2533923490071155
1024,32,64,0.12501824378967286,0.10060176086425782,-0.02441648292541504,1.2427043295828615
1024,64,16,0.3148192024230957,0.25726617431640625,-0.05755302810668944,1.2237100476174771
1024,64,32,0.1883839988708496,0.15306767272949218,-0.035316326141357435,1.2307236107507167
1024,64,64,0.12124928474426269,0.09915116882324218,-0.02209811592102051,1.2228729745023486
2048,16,16,1.3977766418457032,1.04049072265625,-0.35728591918945307,1.3433821286530496
2048,16,32,1.187989730834961,0.9545338745117188,-0.23345585632324217,1.2445757689245591
2048,16,64,0.650408935546875,0.5377539672851562,-0.11265496826171872,1.2094916543906795
2048,32,16,0.8378240203857422,0.7075452270507813,-0.13027879333496095,1.1841278668191917
2048,32,32,0.5685043334960938,0.4681914978027344,-0.10031283569335936,1.2142559960275585
2048,32,64,0.4656710433959961,0.3856808776855469,-0.0799901657104492,1.2073998747110992
2048,64,16,0.6845702362060547,0.5704608764648438,-0.11410935974121095,1.2000301237980573
2048,64,32,0.48170238494873047,0.39260049438476563,-0.08910189056396484,1.2269530778446782
2048,64,64,0.28920703887939453,0.239569091796875,-0.049637947082519535,1.2071967911645562
4096,16,16,5.030949096679688,4.064167724609375,-0.9667813720703133,1.2378792996697092
4096,16,32,3.575611572265625,2.95219482421875,-0.6234167480468749,1.2111705985433572
4096,16,64,2.539749755859375,2.08562109375,-0.4541286621093752,1.2177426491658847
4096,32,16,3.7081158447265623,3.13911328125,-0.5690025634765621,1.1812621949246713
4096,32,32,2.2256845092773436,1.8373360595703125,-0.3883484497070311,1.2113649529078812
4096,32,64,1.816453094482422,1.499572021484375,-0.3168810729980469,1.2113143406639297
4096,64,16,2.3082566833496094,1.9232728271484374,-0.38498385620117204,1.2001712137596061
4096,64,32,1.8777253723144531,1.5460257568359375,-0.3316996154785157,1.2145498637470082
4096,64,64,1.1320448303222657,0.9409105224609375,-0.19113430786132812,1.2031376026717389
8192,16,16,19.888824462890625,12.301328125,-7.5874963378906255,1.6168030200308656
8192,16,32,18.16158935546875,9.9430732421875,-8.218516113281249,1.8265569319564978
8192,16,64,9.068935546875,7.46101611328125,-1.6079194335937501,1.215509443912273
8192,32,16,14.954208984375,10.55444921875,-4.399759765625001,1.4168630379886447
8192,32,32,10.632310791015625,6.3568916015625,-4.275419189453125,1.6725644320255897
8192,32,64,8.433582153320312,5.07506689453125,-3.3585152587890628,1.6617676827882022
8192,64,16,12.9196435546875,7.7113876953125,-5.208255859375,1.6753980042451928
8192,64,32,9.573330688476563,5.54922412109375,-4.024106567382813,1.7251656230798738
8192,64,64,6.125530395507813,3.69589453125,-2.4296358642578126,1.657387770055245
